﻿{	"structure": {		"definition": [			{				"name": "Category",				"primaryKey": "ID",				"tableNumber": 3,				"field": [					{						"id": 1,						"name": "ID",						"type": 4					},					{						"id": 2,						"name": "Name",						"type": 10					},					{						"id": 3,						"name": "CategoryTypeID",						"type": 4					}				]			},			{				"name": "Tasks",				"primaryKey": "ID",				"tableNumber": 1,				"field": [					{						"id": 1,						"name": "ID",						"type": 4					},					{						"id": 2,						"name": "Title",						"type": 10					},					{						"id": 3,						"name": "CreatorID",						"type": 4					},					{						"id": 4,						"name": "AssigneeID",						"type": 4					},					{						"id": 5,						"name": "StartDate",						"type": 8					},					{						"id": 6,						"name": "DueDate",						"type": 8					},					{						"id": 7,						"name": "Status",						"type": 4					},					{						"id": 8,						"name": "Priority",						"type": 4					},					{						"id": 9,						"name": "CategoryID",						"type": 4					},					{						"id": 10,						"name": "Description",						"type": 10					},					{						"id": 11,						"name": "CompletePercentage",						"type": 4					},					{						"id": 12,						"name": "Email",						"type": 10					},					{						"name": "TaskCategory",						"type": -1,						"relatedDataClass": "Category",						"relatedTableNumber": 3					}				]			}		],		"digest": "fea78909f7c5a5371b436e23cff461cce44812fb"	}}