﻿{	"dataClasses": [		{			"name": "Employees",			"className": "Employees",			"collectionName": "EmployeesSelection",			"tableNumber": 1,			"scope": "public",			"dataURI": "/mobileapp/Employees",			"attributes": [				{					"name": "ID",					"kind": "storage",					"fieldPos": 1,					"scope": "public",					"indexed": true,					"type": "long",					"identifying": true				},				{					"name": "Name",					"kind": "storage",					"fieldPos": 2,					"scope": "public",					"type": "string"				},				{					"name": "Job",					"kind": "storage",					"fieldPos": 3,					"scope": "public",					"type": "string"				},				{					"name": "ProjectID",					"kind": "storage",					"fieldPos": 4,					"scope": "public",					"type": "long"				},				{					"name": "Picture",					"kind": "storage",					"fieldPos": 5,					"scope": "public",					"type": "image"				},				{					"name": "PhoneNumber",					"kind": "storage",					"fieldPos": 6,					"scope": "public",					"type": "string"				},				{					"name": "__GlobalStamp",					"kind": "storage",					"fieldPos": 7,					"scope": "public",					"indexed": true,					"type": "long64"				},				{					"name": "Email",					"kind": "storage",					"fieldPos": 8,					"scope": "public",					"type": "string"				},				{					"name": "tasks",					"kind": "relatedEntities",					"fieldPos": 1,					"scope": "public",					"type": "ProjectsSelection",					"inverseName": "employee",					"reversePath": true,					"path": "employee"				}			],			"key": [				{					"name": "ID"				}			]		}	]}