﻿{	"structure": {		"definition": [			{				"id": 1,				"name": "Tasks",				"field": [					{						"id": 1,						"name": "ID",						"type": 4					},					{						"id": 2,						"name": "LastName",						"type": 10					},					{						"id": 3,						"name": "FirstName",						"type": 10					},					{						"id": 4,						"name": "Job",						"type": 3					},					{						"id": 5,						"name": "Country",						"type": 10					},					{						"id": 6,						"name": "TaskDone",						"type": 6					},					{						"id": 7,						"name": "Hours",						"type": 6					},					{						"id": 8,						"name": "Satisfaction",						"type": 6					},					{						"id": 9,						"name": "TaskStatus",						"type": 3					},					{						"id": 10,						"name": "Picture",						"type": 12					},					{						"id": 11,						"name": "Manager",						"type": 10					}				],				"primary_key": {					"field_name": "ID"				}			}		],		"digest": "80a9436a7825a20ae77cb918372986cd8d0cda84"	}}