﻿{	"structure": {		"definition": [			{				"name": "Category",				"primaryKey": "ID",				"tableNumber": 3,				"field": [					{						"name": "ID",						"kind": "storage",						"type": 4,						"indexed": true,						"keywordIndexed": false,						"autoFilled": true,						"mandatory": true,						"unique": true,						"fieldNumber": 1,						"fieldType": 9,						"id": 1,						"valueType": "number"					},					{						"name": "Name",						"kind": "storage",						"type": 10,						"indexed": false,						"keywordIndexed": false,						"autoFilled": false,						"mandatory": false,						"unique": false,						"fieldNumber": 2,						"fieldType": 0,						"id": 2,						"valueType": "string"					},					{						"name": "CategoryTypeID",						"kind": "storage",						"type": 4,						"indexed": false,						"keywordIndexed": false,						"autoFilled": false,						"mandatory": false,						"unique": false,						"fieldNumber": 3,						"fieldType": 9,						"id": 3,						"valueType": "number"					}				]			},			{				"name": "Tasks",				"primaryKey": "ID",				"tableNumber": 1,				"field": [					{						"name": "ID",						"kind": "storage",						"type": 4,						"indexed": true,						"keywordIndexed": false,						"autoFilled": true,						"mandatory": true,						"unique": true,						"fieldNumber": 1,						"fieldType": 9,						"id": 1,						"valueType": "number"					},					{						"name": "Title",						"kind": "storage",						"type": 10,						"indexed": false,						"keywordIndexed": false,						"autoFilled": false,						"mandatory": false,						"unique": false,						"fieldNumber": 2,						"fieldType": 0,						"id": 2,						"valueType": "string"					},					{						"name": "CreatorID",						"kind": "storage",						"type": 4,						"indexed": false,						"keywordIndexed": false,						"autoFilled": false,						"mandatory": false,						"unique": false,						"fieldNumber": 3,						"fieldType": 9,						"id": 3,						"valueType": "number"					},					{						"name": "AssigneeID",						"kind": "storage",						"type": 4,						"indexed": false,						"keywordIndexed": false,						"autoFilled": false,						"mandatory": false,						"unique": false,						"fieldNumber": 4,						"fieldType": 9,						"id": 4,						"valueType": "number"					},					{						"name": "StartDate",						"kind": "storage",						"type": 8,						"indexed": false,						"keywordIndexed": false,						"autoFilled": false,						"mandatory": false,						"unique": false,						"fieldNumber": 5,						"fieldType": 4,						"id": 5,						"valueType": "date"					},					{						"name": "DueDate",						"kind": "storage",						"type": 8,						"indexed": false,						"keywordIndexed": false,						"autoFilled": false,						"mandatory": false,						"unique": false,						"fieldNumber": 6,						"fieldType": 4,						"id": 6,						"valueType": "date"					},					{						"name": "Status",						"kind": "storage",						"type": 4,						"indexed": false,						"keywordIndexed": false,						"autoFilled": false,						"mandatory": false,						"unique": false,						"fieldNumber": 7,						"fieldType": 9,						"id": 7,						"valueType": "number"					},					{						"name": "Priority",						"kind": "storage",						"type": 4,						"indexed": false,						"keywordIndexed": false,						"autoFilled": false,						"mandatory": false,						"unique": false,						"fieldNumber": 8,						"fieldType": 9,						"id": 8,						"valueType": "number"					},					{						"name": "CategoryID",						"kind": "storage",						"type": 4,						"indexed": false,						"keywordIndexed": false,						"autoFilled": false,						"mandatory": false,						"unique": false,						"fieldNumber": 9,						"fieldType": 9,						"id": 9,						"valueType": "number"					},					{						"name": "Description",						"kind": "storage",						"type": 10,						"indexed": false,						"keywordIndexed": false,						"autoFilled": false,						"mandatory": false,						"unique": false,						"fieldNumber": 10,						"fieldType": 2,						"id": 10,						"valueType": "string"					},					{						"name": "CompletePercentage",						"kind": "storage",						"type": 4,						"indexed": false,						"keywordIndexed": false,						"autoFilled": false,						"mandatory": false,						"unique": false,						"fieldNumber": 11,						"fieldType": 9,						"id": 11,						"valueType": "number"					},					{						"name": "Email",						"kind": "storage",						"type": 10,						"indexed": false,						"keywordIndexed": false,						"autoFilled": false,						"mandatory": false,						"unique": false,						"fieldNumber": 12,						"fieldType": 0,						"id": 12,						"valueType": "string"					},					{						"name": "ManagerID",						"kind": "storage",						"type": 4,						"indexed": false,						"keywordIndexed": false,						"autoFilled": false,						"mandatory": false,						"unique": false,						"fieldNumber": 13,						"fieldType": 9,						"id": 13,						"valueType": "number"					},					{						"name": "TaskCategory",						"inverseName": "TaskCategory_return",						"type": -1,						"relatedDataClass": "Category",						"relatedTableNumber": 3					}				]			}		],		"digest": "2588ef360f9d262c778e0ed78eb63f1e4651c80e"	}}