﻿{	"__queryPlan": {		"item": "CRM.Status === In progress"	},	"__entityModel": "CRM",	"__GlobalStamp": 0,	"__COUNT": 14,	"__SENT": 14,	"__FIRST": 0,	"__ENTITIES": [		{			"__KEY": "1",			"__TIMESTAMP": "2018-11-14T15:19:31.985Z",			"__STAMP": 7,			"ID": 1,			"AccountManager": "Raymond Thompson",			"AccountName": "Bovil",			"CreationDate": "1!6!2018",			"DueDate": "1!12!2018",			"Status": "In Progress",			"Country": "France",			"AccountManagerProfilePicture": {				"__deferred": {					"uri": "/mobileapp/CRM(1)/AccountManagerProfilePicture?$imageformat=best&$version=7&$expand=AccountManagerProfilePicture",					"image": true				}			},			"AccountProfilePicture": {				"__deferred": {					"uri": "/mobileapp/CRM(1)/AccountProfilePicture?$imageformat=best&$version=7&$expand=AccountProfilePicture",					"image": true				}			},			"Amount due": 20000,			"AccountManagerID": 1		},		{			"__KEY": "4",			"__TIMESTAMP": "2018-11-14T15:19:36.294Z",			"__STAMP": 7,			"ID": 4,			"AccountManager": "Wayne Garrett",			"AccountName": "Premescent",			"CreationDate": "6!5!2000",			"DueDate": "6!11!2018",			"Status": "In Progress",			"Country": " Italy",			"AccountManagerProfilePicture": {				"__deferred": {					"uri": "/mobileapp/CRM(4)/AccountManagerProfilePicture?$imageformat=best&$version=7&$expand=AccountManagerProfilePicture",					"image": true				}			},			"AccountProfilePicture": {				"__deferred": {					"uri": "/mobileapp/CRM(4)/AccountProfilePicture?$imageformat=best&$version=7&$expand=AccountProfilePicture",					"image": true				}			},			"Amount due": 45000,			"AccountManagerID": 4		},		{			"__KEY": "5",			"__TIMESTAMP": "2018-11-14T15:19:39.580Z",			"__STAMP": 16,			"ID": 5,			"AccountManager": "Michelle Simpson",			"AccountName": "eideo",			"CreationDate": "15!3!2017",			"DueDate": "15!10!2017",			"Status": "In Progress",			"Country": "Spain",			"AccountManagerProfilePicture": {				"__deferred": {					"uri": "/mobileapp/CRM(5)/AccountManagerProfilePicture?$imageformat=best&$version=16&$expand=AccountManagerProfilePicture",					"image": true				}			},			"AccountProfilePicture": {				"__deferred": {					"uri": "/mobileapp/CRM(5)/AccountProfilePicture?$imageformat=best&$version=16&$expand=AccountProfilePicture",					"image": true				}			},			"Amount due": 6000,			"AccountManagerID": 2		},		{			"__KEY": "6",			"__TIMESTAMP": "2018-11-14T15:19:42.922Z",			"__STAMP": 13,			"ID": 6,			"AccountManager": "Raymond Thompson",			"AccountName": "hyponoodle",			"CreationDate": "6!5!2000",			"DueDate": "6!11!2018",			"Status": "In Progress",			"Country": "France",			"AccountManagerProfilePicture": {				"__deferred": {					"uri": "/mobileapp/CRM(6)/AccountManagerProfilePicture?$imageformat=best&$version=13&$expand=AccountManagerProfilePicture",					"image": true				}			},			"AccountProfilePicture": {				"__deferred": {					"uri": "/mobileapp/CRM(6)/AccountProfilePicture?$imageformat=best&$version=13&$expand=AccountProfilePicture",					"image": true				}			},			"Amount due": 13000,			"AccountManagerID": 1		},		{			"__KEY": "8",			"__TIMESTAMP": "2018-11-14T15:19:47.995Z",			"__STAMP": 14,			"ID": 8,			"AccountManager": "Michelle Simpson",			"AccountName": "Venose",			"CreationDate": "1!6!2018",			"DueDate": "1!12!2018",			"Status": "In Progress",			"Country": "Spain",			"AccountManagerProfilePicture": {				"__deferred": {					"uri": "/mobileapp/CRM(8)/AccountManagerProfilePicture?$imageformat=best&$version=14&$expand=AccountManagerProfilePicture",					"image": true				}			},			"AccountProfilePicture": {				"__deferred": {					"uri": "/mobileapp/CRM(8)/AccountProfilePicture?$imageformat=best&$version=14&$expand=AccountProfilePicture",					"image": true				}			},			"Amount due": 21000,			"AccountManagerID": 2		},		{			"__KEY": "11",			"__TIMESTAMP": "2018-11-14T15:19:55.037Z",			"__STAMP": 14,			"ID": 11,			"AccountManager": "Michelle Simpson",			"AccountName": "suser",			"CreationDate": "6!5!2000",			"DueDate": "6!11!2018",			"Status": "In Progress",			"Country": "Spain",			"AccountManagerProfilePicture": {				"__deferred": {					"uri": "/mobileapp/CRM(11)/AccountManagerProfilePicture?$imageformat=best&$version=14&$expand=AccountManagerProfilePicture",					"image": true				}			},			"AccountProfilePicture": {				"__deferred": {					"uri": "/mobileapp/CRM(11)/AccountProfilePicture?$imageformat=best&$version=14&$expand=AccountProfilePicture",					"image": true				}			},			"Amount due": 8500,			"AccountManagerID": 2		},		{			"__KEY": "13",			"__TIMESTAMP": "2018-11-14T15:20:00.573Z",			"__STAMP": 13,			"ID": 13,			"AccountManager": "Wayne Garrett",			"AccountName": "Bepe",			"CreationDate": "1!6!2018",			"DueDate": "1!12!2018",			"Status": "In Progress",			"Country": " Italy",			"AccountManagerProfilePicture": {				"__deferred": {					"uri": "/mobileapp/CRM(13)/AccountManagerProfilePicture?$imageformat=best&$version=13&$expand=AccountManagerProfilePicture",					"image": true				}			},			"AccountProfilePicture": {				"__deferred": {					"uri": "/mobileapp/CRM(13)/AccountProfilePicture?$imageformat=best&$version=13&$expand=AccountProfilePicture",					"image": true				}			},			"Amount due": 4200,			"AccountManagerID": 4		},		{			"__KEY": "14",			"__TIMESTAMP": "2018-11-14T15:20:09.663Z",			"__STAMP": 12,			"ID": 14,			"AccountManager": "Raymond Thompson",			"AccountName": "Retrodeo",			"CreationDate": "15!7!2018",			"DueDate": "15!12!2018",			"Status": "In Progress",			"Country": "France",			"AccountManagerProfilePicture": {				"__deferred": {					"uri": "/mobileapp/CRM(14)/AccountManagerProfilePicture?$imageformat=best&$version=12&$expand=AccountManagerProfilePicture",					"image": true				}			},			"AccountProfilePicture": {				"__deferred": {					"uri": "/mobileapp/CRM(14)/AccountProfilePicture?$imageformat=best&$version=12&$expand=AccountProfilePicture",					"image": true				}			},			"Amount due": 3500,			"AccountManagerID": 1		},		{			"__KEY": "15",			"__TIMESTAMP": "2018-11-14T15:20:13.409Z",			"__STAMP": 13,			"ID": 15,			"AccountManager": "Brian Young",			"AccountName": "Oyolith",			"CreationDate": "6!5!2000",			"DueDate": "6!11!2018",			"Status": "In Progress",			"Country": "Germany",			"AccountManagerProfilePicture": {				"__deferred": {					"uri": "/mobileapp/CRM(15)/AccountManagerProfilePicture?$imageformat=best&$version=13&$expand=AccountManagerProfilePicture",					"image": true				}			},			"AccountProfilePicture": {				"__deferred": {					"uri": "/mobileapp/CRM(15)/AccountProfilePicture?$imageformat=best&$version=13&$expand=AccountProfilePicture",					"image": true				}			},			"Amount due": 21000,			"AccountManagerID": 3		},		{			"__KEY": "16",			"__TIMESTAMP": "2018-11-14T15:20:17.617Z",			"__STAMP": 13,			"ID": 16,			"AccountManager": "Wayne Garrett",			"AccountName": "Sugore",			"CreationDate": "15!7!2018",			"DueDate": "15!12!2018",			"Status": "In Progress",			"Country": " Italy",			"AccountManagerProfilePicture": {				"__deferred": {					"uri": "/mobileapp/CRM(16)/AccountManagerProfilePicture?$imageformat=best&$version=13&$expand=AccountManagerProfilePicture",					"image": true				}			},			"AccountProfilePicture": {				"__deferred": {					"uri": "/mobileapp/CRM(16)/AccountProfilePicture?$imageformat=best&$version=13&$expand=AccountProfilePicture",					"image": true				}			},			"Amount due": 12000,			"AccountManagerID": 4		},		{			"__KEY": "18",			"__TIMESTAMP": "2018-11-14T15:20:21.363Z",			"__STAMP": 13,			"ID": 18,			"AccountManager": "Raymond Thompson",			"AccountName": "Movile",			"CreationDate": "1!6!2018",			"DueDate": "1!12!2018",			"Status": "In Progress",			"Country": "France",			"AccountManagerProfilePicture": {				"__deferred": {					"uri": "/mobileapp/CRM(18)/AccountManagerProfilePicture?$imageformat=best&$version=13&$expand=AccountManagerProfilePicture",					"image": true				}			},			"AccountProfilePicture": {				"__deferred": {					"uri": "/mobileapp/CRM(18)/AccountProfilePicture?$imageformat=best&$version=13&$expand=AccountProfilePicture",					"image": true				}			},			"Amount due": 8500,			"AccountManagerID": 1		},		{			"__KEY": "19",			"__TIMESTAMP": "2018-11-14T15:20:24.985Z",			"__STAMP": 13,			"ID": 19,			"AccountManager": "Wayne Garrett",			"AccountName": "Supralium",			"CreationDate": "6!5!2000",			"DueDate": "6!11!2018",			"Status": "In Progress",			"Country": " Italy",			"AccountManagerProfilePicture": {				"__deferred": {					"uri": "/mobileapp/CRM(19)/AccountManagerProfilePicture?$imageformat=best&$version=13&$expand=AccountManagerProfilePicture",					"image": true				}			},			"AccountProfilePicture": {				"__deferred": {					"uri": "/mobileapp/CRM(19)/AccountProfilePicture?$imageformat=best&$version=13&$expand=AccountProfilePicture",					"image": true				}			},			"Amount due": 7400,			"AccountManagerID": 4		},		{			"__KEY": "20",			"__TIMESTAMP": "2018-11-14T15:20:29.272Z",			"__STAMP": 13,			"ID": 20,			"AccountManager": "Brian Young",			"AccountName": "Multilia",			"CreationDate": "15!7!2018",			"DueDate": "15!12!2018",			"Status": "In Progress",			"Country": "Germany",			"AccountManagerProfilePicture": {				"__deferred": {					"uri": "/mobileapp/CRM(20)/AccountManagerProfilePicture?$imageformat=best&$version=13&$expand=AccountManagerProfilePicture",					"image": true				}			},			"AccountProfilePicture": {				"__deferred": {					"uri": "/mobileapp/CRM(20)/AccountProfilePicture?$imageformat=best&$version=13&$expand=AccountProfilePicture",					"image": true				}			},			"Amount due": 2500,			"AccountManagerID": 3		},		{			"__KEY": "21",			"__TIMESTAMP": "2018-11-14T15:20:32.782Z",			"__STAMP": 13,			"ID": 21,			"AccountManager": "Michelle Simpson",			"AccountName": "Domible",			"CreationDate": "1!6!2018",			"DueDate": "1!12!2018",			"Status": "In Progress",			"Country": "Spain",			"AccountManagerProfilePicture": {				"__deferred": {					"uri": "/mobileapp/CRM(21)/AccountManagerProfilePicture?$imageformat=best&$version=13&$expand=AccountManagerProfilePicture",					"image": true				}			},			"AccountProfilePicture": {				"__deferred": {					"uri": "/mobileapp/CRM(21)/AccountProfilePicture?$imageformat=best&$version=13&$expand=AccountProfilePicture",					"image": true				}			},			"Amount due": 4200,			"AccountManagerID": 2		}	]}