﻿{	"dataClasses": [		{			"name": "CRM",			"className": "CRM",			"collectionName": "CRMSelection",			"tableNumber": 1,			"scope": "public",			"dataURI": "/mobileapp/CRM",			"attributes": [				{					"name": "ID",					"kind": "storage",					"scope": "public",					"indexed": true,					"type": "long",					"identifying": true				},				{					"name": "AccountManager",					"kind": "storage",					"scope": "public",					"type": "string"				},				{					"name": "AccountManagerID",					"kind": "storage",					"scope": "public",					"type": "long"				},				{					"name": "AccountName",					"kind": "storage",					"scope": "public",					"type": "string"				},				{					"name": "CreationDate",					"kind": "storage",					"scope": "public",					"type": "date",					"simpleDate": true				},				{					"name": "DueDate",					"kind": "storage",					"scope": "public",					"type": "date",					"simpleDate": true				},				{					"name": "Status",					"kind": "storage",					"scope": "public",					"type": "string"				},				{					"name": "Country",					"kind": "storage",					"scope": "public",					"type": "string"				},				{					"name": "AccountManagerProfilePicture",					"kind": "storage",					"scope": "public",					"type": "image"				},				{					"name": "AccountProfilePicture",					"kind": "storage",					"scope": "public",					"type": "image"				},				{					"name": "Amount due",					"kind": "storage",					"scope": "public",					"type": "number"				},				{					"name": "manager",					"kind": "relatedEntity",					"scope": "public",					"type": "AccountManager",					"foreignKey": "AccountManagerID",					"path": "AccountManager"				}			],			"key": [				{					"name": "ID"				}			]		}	]}