﻿{	"structure": {		"definition": [			{				"name": "Employees",				"primaryKey": "ID",				"tableNumber": 1,				"field": [					{						"name": "ID",						"kind": "storage",						"type": 4,						"indexed": true,						"keywordIndexed": false,						"autoFilled": true,						"mandatory": true,						"unique": true,						"fieldNumber": 1,						"fieldType": 9,						"id": 1,						"valueType": "number"					},					{						"name": "Name",						"kind": "storage",						"type": 10,						"indexed": false,						"keywordIndexed": false,						"autoFilled": false,						"mandatory": false,						"unique": false,						"fieldNumber": 2,						"fieldType": 0,						"id": 2,						"valueType": "string"					},					{						"name": "Job",						"kind": "storage",						"type": 10,						"indexed": false,						"keywordIndexed": false,						"autoFilled": false,						"mandatory": false,						"unique": false,						"fieldNumber": 3,						"fieldType": 0,						"id": 3,						"valueType": "string"					},					{						"name": "ProjectID",						"kind": "storage",						"type": 4,						"indexed": false,						"keywordIndexed": false,						"autoFilled": false,						"mandatory": false,						"unique": false,						"fieldNumber": 4,						"fieldType": 9,						"id": 4,						"valueType": "number"					},					{						"name": "Picture",						"kind": "storage",						"type": 12,						"indexed": false,						"keywordIndexed": false,						"autoFilled": false,						"mandatory": false,						"unique": false,						"fieldNumber": 5,						"fieldType": 3,						"id": 5,						"valueType": "image"					},					{						"name": "PhoneNumber",						"kind": "storage",						"type": 10,						"indexed": false,						"keywordIndexed": false,						"autoFilled": false,						"mandatory": false,						"unique": false,						"fieldNumber": 6,						"fieldType": 0,						"id": 6,						"valueType": "string"					},					{						"name": "Email",						"kind": "storage",						"type": 10,						"indexed": false,						"keywordIndexed": false,						"autoFilled": false,						"mandatory": false,						"unique": false,						"fieldNumber": 8,						"fieldType": 0,						"id": 8,						"valueType": "string"					},					{						"name": "tasks",						"inverseName": "employee",						"type": -2,						"relatedDataClass": "Projects",						"relatedTableNumber": 2					}				]			},			{				"name": "Projects",				"primaryKey": "ID",				"tableNumber": 2,				"field": [					{						"name": "ID",						"kind": "storage",						"type": 4,						"indexed": true,						"keywordIndexed": false,						"autoFilled": true,						"mandatory": true,						"unique": true,						"fieldNumber": 1,						"fieldType": 9,						"id": 1,						"valueType": "number"					},					{						"name": "Name",						"kind": "storage",						"type": 10,						"indexed": false,						"keywordIndexed": false,						"autoFilled": false,						"mandatory": false,						"unique": false,						"fieldNumber": 2,						"fieldType": 0,						"id": 2,						"valueType": "string"					},					{						"name": "Category",						"kind": "storage",						"type": 10,						"indexed": false,						"keywordIndexed": false,						"autoFilled": false,						"mandatory": false,						"unique": false,						"fieldNumber": 3,						"fieldType": 0,						"id": 3,						"valueType": "string"					},					{						"name": "Color",						"kind": "storage",						"type": 3,						"indexed": false,						"keywordIndexed": false,						"autoFilled": false,						"mandatory": false,						"unique": false,						"fieldNumber": 4,						"fieldType": 8,						"id": 4,						"valueType": "number"					},					{						"name": "DefaultHourlyRate",						"kind": "storage",						"type": 6,						"indexed": false,						"keywordIndexed": false,						"autoFilled": false,						"mandatory": false,						"unique": false,						"fieldNumber": 5,						"fieldType": 1,						"id": 5,						"valueType": "number"					},					{						"name": "Time",						"kind": "storage",						"type": 9,						"indexed": false,						"keywordIndexed": false,						"autoFilled": false,						"mandatory": false,						"unique": false,						"fieldNumber": 9,						"fieldType": 11,						"id": 9,						"valueType": "number"					},					{						"name": "EmployeeID",						"kind": "storage",						"type": 4,						"indexed": false,						"keywordIndexed": false,						"autoFilled": false,						"mandatory": false,						"unique": false,						"fieldNumber": 11,						"fieldType": 9,						"id": 11,						"valueType": "number"					},					{						"name": "Completion",						"kind": "storage",						"type": 6,						"indexed": false,						"keywordIndexed": false,						"autoFilled": false,						"mandatory": false,						"unique": false,						"fieldNumber": 13,						"fieldType": 1,						"id": 13,						"valueType": "number"					},					{						"name": "employee",						"inverseName": "tasks",						"type": -1,						"relatedDataClass": "Employees",						"relatedTableNumber": 1					}				]			}		],		"digest": "833a450a9bc48f150c0c03e1105416b5f766316f"	}}