﻿{	"__entityModel": "Tasks",	"__GlobalStamp": 46,	"__COUNT": 19,	"__SENT": 19,	"__FIRST": 0,	"__ENTITIES": [		{			"__KEY": "1",			"__TIMESTAMP": "2019-03-22T13:38:21.317Z",			"__STAMP": 51,			"CreatorID": 0,			"AssigneeID": 0,			"StartDate": "21!1!2019",			"DueDate": "22!1!2019",			"Status": 2,			"Priority": 0,			"CategoryID": 1,			"Description": "Needed for conference room and open areas.",			"ID": 1,			"Title": "Setup wireless access point",			"CompletePercentage": 52,			"Email": "karen_hughes@mail.com"		},		{			"__KEY": "22",			"__TIMESTAMP": "2019-03-22T13:38:21.317Z",			"__STAMP": 85,			"CreatorID": 0,			"AssigneeID": 0,			"StartDate": "22!6!2016",			"DueDate": "25!12!2019",			"Status": 2,			"Priority": 1,			"CategoryID": 34,			"Description": "Too many people to buy for. Need to start now and look for good deals.",			"ID": 22,			"Title": "Early Christmas shopping",			"CompletePercentage": 20,			"Email": "karen_hughes@mail.com"		},		{			"__KEY": "8",			"__TIMESTAMP": "2019-03-22T13:38:21.317Z",			"__STAMP": 41,			"CreatorID": 0,			"AssigneeID": 0,			"StartDate": "5!6!2016",			"DueDate": "5!6!2019",			"Status": 2,			"Priority": 2,			"CategoryID": 1,			"Description": "Trust fall and balling.",			"ID": 8,			"Title": "Team building exercise",			"CompletePercentage": 62,			"Email": "kimberly-88@mail.com"		},		{			"__KEY": "7",			"__TIMESTAMP": "2019-03-22T13:38:21.317Z",			"__STAMP": 43,			"CreatorID": 0,			"AssigneeID": 0,			"StartDate": "1!6!2019",			"DueDate": "15!8!2019",			"Status": 2,			"Priority": 1,			"CategoryID": 4,			"Description": "Need reservation for hotel and transportation.",			"ID": 7,			"Title": "Summer vacation planning",			"CompletePercentage": 82,			"Email": "kimberly-88@mail.com"		},		{			"__KEY": "33",			"__TIMESTAMP": "2019-03-22T13:38:21.317Z",			"__STAMP": 136,			"CreatorID": 0,			"AssigneeID": 0,			"StartDate": "5!4!2019",			"DueDate": "6!4!2019",			"Status": 2,			"Priority": 0,			"CategoryID": 5,			"Description": "Plan on purchasing items after Thanksgiving for Christmas gifts in December.",			"ID": 33,			"Title": "Black Friday shopping",			"CompletePercentage": 10,			"Email": "johnny_84@mail.com"		},		{			"__KEY": "30",			"__TIMESTAMP": "2019-03-22T13:38:21.317Z",			"__STAMP": 42,			"CreatorID": 0,			"AssigneeID": 0,			"StartDate": "5!4!2019",			"DueDate": "6!4!2019",			"Status": 2,			"Priority": 0,			"CategoryID": 34,			"Description": "Son got into a serious car accident and will need to see the Chiro therapy.",			"ID": 30,			"Title": "Chiro appointment for son's car accident",			"CompletePercentage": 50,			"Email": "johnny_84@mail.com"		},		{			"__KEY": "31",			"__TIMESTAMP": "2019-03-22T13:38:21.317Z",			"__STAMP": 33,			"CreatorID": 0,			"AssigneeID": 0,			"StartDate": "1!4!2019",			"DueDate": "30!6!2019",			"Status": 2,			"Priority": 0,			"CategoryID": 2,			"Description": "This personal goal is to be able to run a mile in 8 minutes or less.  Current time is 12 minutes.  Hope to gradually condition myself to go that point by running 2 to 3 times a week.",			"ID": 31,			"Title": "Run a 8 minute mile",			"CompletePercentage": 6,			"Email": "alicemorgan@mail.com"		},		{			"__KEY": "34",			"__TIMESTAMP": "2019-03-22T13:38:21.317Z",			"__STAMP": 47,			"CreatorID": 0,			"AssigneeID": 0,			"StartDate": "16!9!2019",			"DueDate": "16!9!2019",			"Status": 2,			"Priority": 2,			"CategoryID": 2,			"Description": "Plan on changing the brakes for the car at this time as it is getting close to changing.",			"ID": 34,			"Title": "Change brakes in car",			"CompletePercentage": 80,			"Email": "alicemorgan@mail.com"		},		{			"__KEY": "37",			"__TIMESTAMP": "2019-03-22T13:38:21.317Z",			"__STAMP": 26,			"CreatorID": 0,			"AssigneeID": 0,			"StartDate": "18!3!2019",			"DueDate": "17!9!2019",			"Status": 2,			"Priority": 0,			"CategoryID": 4,			"Description": "Rhonda lost her bag and ID so will take a road trip to pick her up.",			"ID": 37,			"Title": "Pick up Rhonda in Miami, FL",			"CompletePercentage": 64,			"Email": "donna_ray@mail.com"		},		{			"__KEY": "38",			"__TIMESTAMP": "2019-03-22T13:38:21.317Z",			"__STAMP": 25,			"CreatorID": 0,			"AssigneeID": 0,			"StartDate": "17!3!2019",			"DueDate": "17!3!2019",			"Status": 2,			"Priority": 1,			"CategoryID": 5,			"Description": "It will be St. Patrick's day and will need to wear green.  Plan to buy something green.",			"ID": 38,			"Title": "St. Patrick's Day ",			"CompletePercentage": 13,			"Email": "janet.moore@mail.com"		},		{			"__KEY": "39",			"__TIMESTAMP": "2019-03-22T13:38:21.317Z",			"__STAMP": 34,			"CreatorID": 0,			"AssigneeID": 0,			"StartDate": "3!4!2019",			"DueDate": "4!4!2019",			"Status": 2,			"Priority": 0,			"CategoryID": 6,			"Description": "Got tickets to watch that concert.",			"ID": 39,			"Title": "Concert to watch Survivor",			"CompletePercentage": 80,			"Email": "janet.moore@mail.com"		},		{			"__KEY": "40",			"__TIMESTAMP": "2019-03-22T13:38:21.317Z",			"__STAMP": 82,			"CreatorID": 0,			"AssigneeID": 0,			"StartDate": "6!4!2019",			"DueDate": "10!4!2019",			"Status": 2,			"Priority": 0,			"CategoryID": 34,			"Description": "Build a shed in the backyard to accomodate the junk that is in the garage and also in the house.  ",			"ID": 40,			"Title": "Build shed in the backyard",			"CompletePercentage": 0,			"Email": "jason93@mail.com"		},		{			"__KEY": "36",			"__TIMESTAMP": "2019-03-22T13:38:21.317Z",			"__STAMP": 29,			"CreatorID": 0,			"AssigneeID": 0,			"StartDate": "15!3!2019",			"DueDate": "16!9!2019",			"Status": 2,			"Priority": 2,			"CategoryID": 3,			"Description": "Crash into Mike's leg while riding bikes which resulted into him no walking.  Least thing I can do is drive him to the rehab and back.",			"ID": 36,			"Title": "Help Mike on leg rehab assignment",			"CompletePercentage": 100,			"Email": "jason93@mail.com"		},		{			"__KEY": "35",			"__TIMESTAMP": "2019-03-22T13:38:21.317Z",			"__STAMP": 24,			"CreatorID": 0,			"AssigneeID": 0,			"StartDate": "1!1!2019",			"DueDate": "31!12!2019",			"Status": 2,			"Priority": 0,			"CategoryID": 2,			"Description": "Goal for 2017 is to read one book a month.",			"ID": 35,			"Title": "Read a book once a month",			"CompletePercentage": 20,			"Email": "jason93@mail.com"		},		{			"__KEY": "32",			"__TIMESTAMP": "2019-03-22T13:38:21.317Z",			"__STAMP": 38,			"CreatorID": 0,			"AssigneeID": 0,			"StartDate": "2!1!2019",			"DueDate": "2!2!2019",			"Status": 2,			"Priority": 0,			"CategoryID": 6,			"Description": "Dinner with my best friend and his family in the city's best steak house.",			"ID": 32,			"Title": "Dinner with the Mcallisters",			"CompletePercentage": 30,			"Email": "jose86@mail.com"		},		{			"__KEY": "42",			"__TIMESTAMP": "2019-03-22T13:38:21.317Z",			"__STAMP": 27,			"CreatorID": 0,			"AssigneeID": 0,			"StartDate": "1!12!2019",			"DueDate": "29!12!2019",			"Status": 2,			"Priority": 1,			"CategoryID": 1,			"Description": "Develop a habit to write down a weekly report of your job to keep track of your tasks completed in a week.",			"ID": 42,			"Title": "Create weekly report",			"CompletePercentage": 0,			"Email": "jose86@mail.com"		},		{			"__KEY": "43",			"__TIMESTAMP": "2019-03-22T13:38:26.762Z",			"__STAMP": 30,			"CreatorID": 0,			"AssigneeID": 0,			"StartDate": "4!7!2019",			"DueDate": "4!7!2019",			"Status": 2,			"Priority": 0,			"CategoryID": 5,			"Description": "Get ready to watch the fireworks at Chrissy Field, SF.",			"ID": 43,			"Title": "Independence Day",			"CompletePercentage": 70,			"Email": "jose86@mail.com"		},		{			"__KEY": "44",			"__TIMESTAMP": "2019-03-22T13:38:21.317Z",			"__STAMP": 24,			"CreatorID": 0,			"AssigneeID": 0,			"StartDate": "13!5!2019",			"DueDate": "14!5!2019",			"Status": 2,			"Priority": 0,			"CategoryID": 6,			"Description": "Head to Seattle to pick up coffee when there is an opportunity.",			"ID": 44,			"Title": "Pick up coffee in Seattle",			"CompletePercentage": 60,			"Email": "eugene-rice@mail.com"		},		{			"__KEY": "45",			"__TIMESTAMP": "2019-03-22T13:38:21.317Z",			"__STAMP": 25,			"CreatorID": 0,			"AssigneeID": 0,			"StartDate": "1!1!2019",			"DueDate": "29!12!2019",			"Status": 2,			"Priority": 0,			"CategoryID": 2,			"Description": "Go to service on Sunday.",			"ID": 45,			"Title": "Go to church",			"CompletePercentage": 27,			"Email": "eugene-rice@mail.com"		}	]}