﻿{	"structure": {		"definition": [			{				"id": 1,				"name": "Numbers",				"field": [					{						"id": 1,						"name": "ID",						"type": 4					},					{						"id": 2,						"name": "LastName",						"type": 10					},					{						"id": 3,						"name": "FirstName",						"type": 10					},					{						"id": 4,						"name": "Job",						"type": 10					},					{						"id": 5,						"name": "Company",						"type": 10					},					{						"id": 6,						"name": "Email",						"type": 10					},					{						"id": 7,						"name": "Phone",						"type": 10					},					{						"id": 8,						"name": "AvailableCredit",						"type": 3					},					{						"id": 9,						"name": "CreditScore",						"type": 6					},					{						"id": 10,						"name": "CurrentBalance",						"type": 3					},					{						"id": 11,						"name": "PercentUsed",						"type": 6					},					{						"id": 12,						"name": "CreditLimit",						"type": 1					},					{						"id": 13,						"name": "CreditDate",						"type": 8					}				],				"primary_key": {					"field_name": "ID"				}			}		],		"digest": "1775e127226856346d8a6ec29ee9cc4f44eb82d6"	}}