﻿{	"images": [		{			"size": "20x20",			"idiom": "iphone",			"filename": "iphone20@2.png",			"scale": "2x"		},		{			"size": "20x20",			"idiom": "iphone",			"filename": "iphone20@3.png",			"scale": "3x"		},		{			"size": "29x29",			"idiom": "iphone",			"filename": "iphone29@2.png",			"scale": "2x"		},		{			"size": "29x29",			"idiom": "iphone",			"filename": "iphone29@3.png",			"scale": "3x"		},		{			"size": "40x40",			"idiom": "iphone",			"filename": "iphone40@2.png",			"scale": "2x"		},		{			"size": "40x40",			"idiom": "iphone",			"filename": "iphone40@3.png",			"scale": "3x"		},		{			"size": "60x60",			"idiom": "iphone",			"filename": "iphone60@2.png",			"scale": "2x"		},		{			"size": "60x60",			"idiom": "iphone",			"filename": "iphone60@3.png",			"scale": "3x"		},		{			"size": "20x20",			"idiom": "ipad",			"filename": "ipad20.png",			"scale": "1x"		},		{			"size": "20x20",			"idiom": "ipad",			"filename": "ipad20@2.png",			"scale": "2x"		},		{			"size": "29x29",			"idiom": "ipad",			"filename": "ipad29.png",			"scale": "1x"		},		{			"size": "29x29",			"idiom": "ipad",			"filename": "ipad29@2.png",			"scale": "2x"		},		{			"size": "40x40",			"idiom": "ipad",			"filename": "ipad40.png",			"scale": "1x"		},		{			"size": "40x40",			"idiom": "ipad",			"filename": "ipad40@2.png",			"scale": "2x"		},		{			"size": "76x76",			"idiom": "ipad",			"filename": "ipad76.png",			"scale": "1x"		},		{			"size": "76x76",			"idiom": "ipad",			"filename": "ipad76@2.png",			"scale": "2x"		},		{			"size": "83.5x83.5",			"idiom": "ipad",			"filename": "ipad835@2.png",			"scale": "2x"		},		{			"size": "1024x1024",			"idiom": "ios-marketing",			"filename": "ios-marketing1024.png",			"scale": "1x"		}	],	"info": {		"version": 1,		"author": "xcode"	}}