﻿{	"structure": {		"definition": [			{				"name": "AccountManager",				"primaryKey": "ID",				"tableNumber": 2,				"field": [					{						"id": 1,						"name": "ID",						"type": 4					},					{						"id": 2,						"name": "Email",						"type": 10					},					{						"id": 3,						"name": "Name",						"type": 10					}				]			},			{				"name": "CRM",				"primaryKey": "ID",				"tableNumber": 1,				"field": [					{						"id": 1,						"name": "ID",						"type": 4					},					{						"id": 2,						"name": "AccountManager",						"type": 10					},					{						"id": 3,						"name": "AccountManagerID",						"type": 4					},					{						"id": 4,						"name": "AccountName",						"type": 10					},					{						"id": 5,						"name": "CreationDate",						"type": 8					},					{						"id": 6,						"name": "DueDate",						"type": 8					},					{						"id": 7,						"name": "Status",						"type": 10					},					{						"id": 9,						"name": "Country",						"type": 10					},					{						"id": 10,						"name": "AccountManagerProfilePicture",						"type": 12					},					{						"id": 11,						"name": "AccountProfilePicture",						"type": 12					},					{						"id": 13,						"name": "Amount due",						"type": 6					},					{						"name": "manager",						"type": -1,						"relatedDataClass": "AccountManager",						"relatedTableNumber": 2					}				]			}		],		"digest": "3b15f8bedd3c92a3ebd9b7e9ee36be388aae05af"	}}