﻿{	"__entityModel": "Tasks",	"__GlobalStamp": 0,	"__COUNT": 20,	"__SENT": 20,	"__FIRST": 0,	"__ENTITIES": [		{			"__KEY": "1",			"__TIMESTAMP": "2019-01-22T13:59:27.995Z",			"__STAMP": 32,			"ID": 1,			"Email": "karen_hughes@mail.com",			"CompletePercentage": 100,			"Title": "Setup wireless access point",			"DueDate": "22!1!2019",			"Description": "Needed for conference room and open areas.",			"CreatorID": 0,			"StartDate": "21!1!2019",			"AssigneeID": 0,			"CategoryID": 1,			"Priority": 0,			"Status": 3		},		{			"__KEY": "22",			"__TIMESTAMP": "2019-01-21T14:48:44.384Z",			"__STAMP": 65,			"ID": 22,			"Email": "karen_hughes@mail.com",			"CompletePercentage": 64,			"Title": "Early Christmas shopping",			"DueDate": "25!12!2019",			"Description": "Too many people to buy for. Need to start now and look for good deals.",			"CreatorID": 0,			"StartDate": "22!6!2016",			"AssigneeID": 0,			"CategoryID": 34,			"Priority": 1,			"Status": 4		},		{			"__KEY": "8",			"__TIMESTAMP": "2019-01-21T09:59:45.566Z",			"__STAMP": 22,			"ID": 8,			"Email": "kimberly-88@mail.com",			"CompletePercentage": 100,			"Title": "Team building exercise",			"DueDate": "5!6!2019",			"Description": "Trust fall and balling.",			"CreatorID": 0,			"StartDate": "5!6!2016",			"AssigneeID": 0,			"CategoryID": 1,			"Priority": 2,			"Status": 3		},		{			"__KEY": "7",			"__TIMESTAMP": "2019-01-21T10:00:04.705Z",			"__STAMP": 26,			"ID": 7,			"Email": "kimberly-88@mail.com",			"CompletePercentage": 82,			"Title": "Summer vacation planning",			"DueDate": "15!8!2019",			"Description": "Need reservation for hotel and transportation.",			"CreatorID": 0,			"StartDate": "1!6!2019",			"AssigneeID": 0,			"CategoryID": 4,			"Priority": 1,			"Status": 2		},		{			"__KEY": "33",			"__TIMESTAMP": "2019-01-21T10:00:10.341Z",			"__STAMP": 7,			"ID": 33,			"Email": "johnny_84@mail.com",			"CompletePercentage": 26,			"Title": "Black Friday shopping",			"DueDate": "24!11!2019",			"Description": "Plan on purchasing items after Thanksgiving for Christmas gifts in December.",			"CreatorID": 0,			"StartDate": "26!10!2019",			"AssigneeID": 0,			"CategoryID": 5,			"Priority": 0,			"Status": 2		},		{			"__KEY": "30",			"__TIMESTAMP": "2019-01-21T10:00:14.762Z",			"__STAMP": 8,			"ID": 30,			"Email": "johnny_84@mail.com",			"CompletePercentage": 100,			"Title": "Chiro appointment for son's car accident",			"DueDate": "24!6!2019",			"Description": "Son got into a serious car accident and will need to see the Chiro therapy.",			"CreatorID": 0,			"StartDate": "23!3!2019",			"AssigneeID": 0,			"CategoryID": 34,			"Priority": 0,			"Status": 3		},		{			"__KEY": "31",			"__TIMESTAMP": "2019-01-21T10:00:18.295Z",			"__STAMP": 16,			"ID": 31,			"Email": "alicemorgan@mail.com",			"CompletePercentage": 6,			"Title": "Run a 8 minute mile",			"DueDate": "30!6!2019",			"Description": "This personal goal is to be able to run a mile in 8 minutes or less.  Current time is 12 minutes.  Hope to gradually condition myself to go that point by running 2 to 3 times a week.",			"CreatorID": 0,			"StartDate": "1!4!2019",			"AssigneeID": 0,			"CategoryID": 2,			"Priority": 0,			"Status": 2		},		{			"__KEY": "34",			"__TIMESTAMP": "2019-01-21T14:48:10.335Z",			"__STAMP": 9,			"ID": 34,			"Email": "alicemorgan@mail.com",			"CompletePercentage": 73,			"Title": "Change brakes in car",			"DueDate": "16!9!2019",			"Description": "Plan on changing the brakes for the car at this time as it is getting close to changing.",			"CreatorID": 0,			"StartDate": "16!9!2019",			"AssigneeID": 0,			"CategoryID": 2,			"Priority": 2,			"Status": 4		},		{			"__KEY": "37",			"__TIMESTAMP": "2019-01-21T10:00:24.933Z",			"__STAMP": 6,			"ID": 37,			"Email": "donna_ray@mail.com",			"CompletePercentage": 52,			"Title": "Pick up Rhonda in Miami, FL",			"DueDate": "17!9!2019",			"Description": "Rhonda lost her bag and ID so will take a road trip to pick her up.",			"CreatorID": 0,			"StartDate": "18!3!2019",			"AssigneeID": 0,			"CategoryID": 4,			"Priority": 0,			"Status": 2		},		{			"__KEY": "41",			"__TIMESTAMP": "2019-01-21T10:00:29.219Z",			"__STAMP": 7,			"ID": 41,			"Email": "donna_ray@mail.com",			"CompletePercentage": 57,			"Title": "Bar time with the guys",			"DueDate": "10!5!2019",			"Description": "Bar time with the guys every Wed.",			"CreatorID": 0,			"StartDate": "8!2!2019",			"AssigneeID": 0,			"CategoryID": 3,			"Priority": 0,			"Status": 4		},		{			"__KEY": "38",			"__TIMESTAMP": "2019-01-21T10:00:33.040Z",			"__STAMP": 7,			"ID": 38,			"Email": "janet.moore@mail.com",			"CompletePercentage": 13,			"Title": "St. Patrick's Day ",			"DueDate": "17!3!2019",			"Description": "It will be St. Patrick's day and will need to wear green.  Plan to buy something green.",			"CreatorID": 0,			"StartDate": "17!3!2019",			"AssigneeID": 0,			"CategoryID": 5,			"Priority": 1,			"Status": 2		},		{			"__KEY": "39",			"__TIMESTAMP": "2019-01-21T10:00:36.431Z",			"__STAMP": 6,			"ID": 39,			"Email": "janet.moore@mail.com",			"CompletePercentage": 0,			"Title": "Concert to watch Survivor",			"DueDate": "23!9!2019",			"Description": "Got tickets to watch that concert.",			"CreatorID": 0,			"StartDate": "23!9!2019",			"AssigneeID": 0,			"CategoryID": 6,			"Priority": 0,			"Status": 1		},		{			"__KEY": "40",			"__TIMESTAMP": "2019-01-21T10:00:39.858Z",			"__STAMP": 6,			"ID": 40,			"Email": "jason93@mail.com",			"CompletePercentage": 15,			"Title": "Build shed in the backyard",			"DueDate": "16!9!2019",			"Description": "Build a shed in the backyard to accomodate the junk that is in the garage and also in the house.  ",			"CreatorID": 0,			"StartDate": "1!2!2019",			"AssigneeID": 0,			"CategoryID": 34,			"Priority": 0,			"Status": 2		},		{			"__KEY": "36",			"__TIMESTAMP": "2019-01-21T10:00:42.850Z",			"__STAMP": 7,			"ID": 36,			"Email": "jason93@mail.com",			"CompletePercentage": 13,			"Title": "Help Mike on leg rehab assignment",			"DueDate": "16!9!2019",			"Description": "Crash into Mike's leg while riding bikes which resulted into him no walking.  Least thing I can do is drive him to the rehab and back.",			"CreatorID": 0,			"StartDate": "15!3!2019",			"AssigneeID": 0,			"CategoryID": 3,			"Priority": 2,			"Status": 2		},		{			"__KEY": "35",			"__TIMESTAMP": "2019-01-21T10:00:46.641Z",			"__STAMP": 6,			"ID": 35,			"Email": "jason93@mail.com",			"CompletePercentage": 22,			"Title": "Read a book once a month",			"DueDate": "31!12!2019",			"Description": "Goal for 2017 is to read one book a month.",			"CreatorID": 0,			"StartDate": "1!1!2019",			"AssigneeID": 0,			"CategoryID": 2,			"Priority": 0,			"Status": 2		},		{			"__KEY": "32",			"__TIMESTAMP": "2019-01-18T12:10:25.910Z",			"__STAMP": 16,			"ID": 32,			"Email": "jose86@mail.com",			"CompletePercentage": 0,			"Title": "Dinner with the Mcallisters",			"DueDate": "2!2!2019",			"Description": "Dinner with my best friend and his family in the city's best steak house.",			"CreatorID": 0,			"StartDate": "2!1!2019",			"AssigneeID": 0,			"CategoryID": 6,			"Priority": 0,			"Status": 1		},		{			"__KEY": "42",			"__TIMESTAMP": "2019-01-21T10:00:52.198Z",			"__STAMP": 5,			"ID": 42,			"Email": "jose86@mail.com",			"CompletePercentage": 11,			"Title": "Create weekly report",			"DueDate": "29!12!2019",			"Description": "Develop a habit to write down a weekly report of your job to keep track of your tasks completed in a week.",			"CreatorID": 0,			"StartDate": "1!12!2019",			"AssigneeID": 0,			"CategoryID": 1,			"Priority": 1,			"Status": 2		},		{			"__KEY": "43",			"__TIMESTAMP": "2019-01-21T10:00:55.406Z",			"__STAMP": 7,			"ID": 43,			"Email": "jose86@mail.com",			"CompletePercentage": 100,			"Title": "Independence Day",			"DueDate": "4!7!2019",			"Description": "Get ready to watch the fireworks at Chrissy Field, SF.",			"CreatorID": 0,			"StartDate": "4!7!2019",			"AssigneeID": 0,			"CategoryID": 5,			"Priority": 0,			"Status": 3		},		{			"__KEY": "44",			"__TIMESTAMP": "2019-01-21T14:49:11.733Z",			"__STAMP": 6,			"ID": 44,			"Email": "eugene-rice@mail.com",			"CompletePercentage": 22,			"Title": "Pick up coffee in Seattle",			"DueDate": "14!5!2019",			"Description": "Head to Seattle to pick up coffee when there is an opportunity.",			"CreatorID": 0,			"StartDate": "13!5!2019",			"AssigneeID": 0,			"CategoryID": 6,			"Priority": 0,			"Status": 4		},		{			"__KEY": "45",			"__TIMESTAMP": "2019-01-21T10:01:05.376Z",			"__STAMP": 7,			"ID": 45,			"Email": "eugene-rice@mail.com",			"CompletePercentage": 27,			"Title": "Go to church",			"DueDate": "29!12!2019",			"Description": "Go to service on Sunday.",			"CreatorID": 0,			"StartDate": "1!1!2019",			"AssigneeID": 0,			"CategoryID": 2,			"Priority": 0,			"Status": 4		}	]}