﻿{	"__entityModel": "Tasks",	"__GlobalStamp": 5,	"__COUNT": 18,	"__SENT": 18,	"__FIRST": 0,	"__ENTITIES": [		{			"__KEY": "1",			"__TIMESTAMP": "2019-06-24T14:53:29.166Z",			"__STAMP": 68,			"StartDate": "21!1!2019",			"ID": 1,			"Title": "Setup wireless access point",			"DueDate": "22!1!2019",			"Status": 4,			"Priority": 0,			"Description": "Needed for conference room and open areas.",			"CompletePercentage": 52		},		{			"__KEY": "22",			"__TIMESTAMP": "2019-06-14T06:59:32.168Z",			"__STAMP": 100,			"StartDate": "22!6!2016",			"ID": 22,			"Title": "Early Christmas shopping",			"DueDate": "25!12!2019",			"Status": 2,			"Priority": 1,			"Description": "Too many people to buy for. Need to start now and look for good deals.",			"CompletePercentage": 20		},		{			"__KEY": "8",			"__TIMESTAMP": "2019-06-14T06:59:34.913Z",			"__STAMP": 56,			"StartDate": "5!6!2016",			"ID": 8,			"Title": "Team building exercise",			"DueDate": "5!6!2019",			"Status": 2,			"Priority": 2,			"Description": "Trust fall and balling.",			"CompletePercentage": 62		},		{			"__KEY": "7",			"__TIMESTAMP": "2019-06-14T07:00:36.059Z",			"__STAMP": 57,			"StartDate": "1!6!2019",			"ID": 7,			"Title": "Summer vacation planning",			"DueDate": "15!8!2019",			"Status": 2,			"Priority": 1,			"Description": "Need reservation for hotel and transportation.",			"CompletePercentage": 82		},		{			"__KEY": "30",			"__TIMESTAMP": "2019-06-14T07:00:47.568Z",			"__STAMP": 56,			"StartDate": "5!4!2019",			"ID": 30,			"Title": "Chiro appointment for son's car accident",			"DueDate": "6!4!2019",			"Status": 2,			"Priority": 0,			"Description": "Son got into a serious car accident and will need to see the Chiro therapy.",			"CompletePercentage": 50		},		{			"__KEY": "31",			"__TIMESTAMP": "2019-06-14T07:00:49.852Z",			"__STAMP": 47,			"StartDate": "1!4!2019",			"ID": 31,			"Title": "Run a 8 minute mile",			"DueDate": "30!6!2019",			"Status": 2,			"Priority": 0,			"Description": "This personal goal is to be able to run a mile in 8 minutes or less.  Current time is 12 minutes.  Hope to gradually condition myself to go that point by running 2 to 3 times a week.",			"CompletePercentage": 6		},		{			"__KEY": "34",			"__TIMESTAMP": "2019-06-14T07:00:53.205Z",			"__STAMP": 83,			"StartDate": "16!9!2019",			"ID": 34,			"Title": "Change brakes in car",			"DueDate": "16!9!2019",			"Status": 2,			"Priority": 2,			"Description": "Plan on changing the brakes for the car at this time as it is getting close to changing.",			"CompletePercentage": 80		},		{			"__KEY": "37",			"__TIMESTAMP": "2019-06-14T07:00:55.714Z",			"__STAMP": 40,			"StartDate": "18!3!2019",			"ID": 37,			"Title": "Pick up Rhonda in Miami, FL",			"DueDate": "17!9!2019",			"Status": 2,			"Priority": 0,			"Description": "Rhonda lost her bag and ID so will take a road trip to pick her up.",			"CompletePercentage": 64		},		{			"__KEY": "38",			"__TIMESTAMP": "2019-06-14T07:00:57.997Z",			"__STAMP": 39,			"StartDate": "17!3!2019",			"ID": 38,			"Title": "St. Patrick's Day ",			"DueDate": "17!3!2019",			"Status": 2,			"Priority": 1,			"Description": "It will be St. Patrick's day and will need to wear green.  Plan to buy something green.",			"CompletePercentage": 13		},		{			"__KEY": "39",			"__TIMESTAMP": "2019-06-14T07:01:00.978Z",			"__STAMP": 48,			"StartDate": "3!4!2019",			"ID": 39,			"Title": "Concert to watch Survivor",			"DueDate": "4!4!2019",			"Status": 2,			"Priority": 0,			"Description": "Got tickets to watch that concert.",			"CompletePercentage": 80		},		{			"__KEY": "40",			"__TIMESTAMP": "2019-06-14T08:17:19.647Z",			"__STAMP": 101,			"StartDate": "6!4!2019",			"ID": 40,			"Title": "Build shed in the backyard",			"DueDate": "10!4!2019",			"Status": 2,			"Priority": 0,			"Description": "Build a shed in the backyard to accomodate the junk that is in the garage and also in the house.  ",			"CompletePercentage": 30		},		{			"__KEY": "36",			"__TIMESTAMP": "2019-06-14T07:01:06.098Z",			"__STAMP": 43,			"StartDate": "15!3!2019",			"ID": 36,			"Title": "Help Mike on leg rehab assignment",			"DueDate": "16!9!2019",			"Status": 4,			"Priority": 2,			"Description": "Crash into Mike's leg while riding bikes which resulted into him no walking.  Least thing I can do is drive him to the rehab and back.",			"CompletePercentage": 40		},		{			"__KEY": "35",			"__TIMESTAMP": "2019-06-14T07:01:08.550Z",			"__STAMP": 38,			"StartDate": "1!1!2019",			"ID": 35,			"Title": "Read a book once a month",			"DueDate": "31!12!2019",			"Status": 2,			"Priority": 0,			"Description": "Goal for 2017 is to read one book a month.",			"CompletePercentage": 20		},		{			"__KEY": "32",			"__TIMESTAMP": "2019-06-14T07:01:11.081Z",			"__STAMP": 52,			"StartDate": "2!1!2019",			"ID": 32,			"Title": "Dinner with the Mcallisters",			"DueDate": "2!2!2019",			"Status": 2,			"Priority": 0,			"Description": "Dinner with my best friend and his family in the city's best steak house.",			"CompletePercentage": 30		},		{			"__KEY": "42",			"__TIMESTAMP": "2019-06-24T14:28:32.383Z",			"__STAMP": 43,			"StartDate": "0!0!0",			"ID": 42,			"Title": "Create weekly report",			"DueDate": "0!0!0",			"Status": 1,			"Priority": 1,			"Description": "Develop a habit to write down a weekly report of your job to keep track of your tasks completed in a week.",			"CompletePercentage": 0		},		{			"__KEY": "43",			"__TIMESTAMP": "2019-06-14T07:01:17.719Z",			"__STAMP": 42,			"StartDate": "4!7!2019",			"ID": 43,			"Title": "Independence Day",			"DueDate": "4!7!2019",			"Status": 2,			"Priority": 0,			"Description": "Get ready to watch the fireworks at Chrissy Field, SF.",			"CompletePercentage": 20		},		{			"__KEY": "44",			"__TIMESTAMP": "2019-06-14T07:01:20.419Z",			"__STAMP": 38,			"StartDate": "13!5!2019",			"ID": 44,			"Title": "Pick up coffee in Seattle",			"DueDate": "14!5!2019",			"Status": 2,			"Priority": 0,			"Description": "Head to Seattle to pick up coffee when there is an opportunity.",			"CompletePercentage": 60		},		{			"__KEY": "45",			"__TIMESTAMP": "2019-06-14T07:01:25.222Z",			"__STAMP": 39,			"StartDate": "1!1!2019",			"ID": 45,			"Title": "Go to church",			"DueDate": "29!12!2019",			"Status": 2,			"Priority": 0,			"Description": "Go to service on Sunday.",			"CompletePercentage": 27		}	]}