﻿{	"dataClasses": [		{			"name": "Projects",			"className": "Projects",			"collectionName": "ProjectsSelection",			"tableNumber": 2,			"scope": "public",			"dataURI": "/mobileapp/Projects",			"attributes": [				{					"name": "ID",					"kind": "storage",					"fieldPos": 1,					"scope": "public",					"indexed": true,					"type": "long",					"identifying": true				},				{					"name": "Name",					"kind": "storage",					"fieldPos": 2,					"scope": "public",					"type": "string"				},				{					"name": "Category",					"kind": "storage",					"fieldPos": 3,					"scope": "public",					"type": "string"				},				{					"name": "Color",					"kind": "storage",					"fieldPos": 4,					"scope": "public",					"type": "word"				},				{					"name": "DefaultHourlyRate",					"kind": "storage",					"fieldPos": 5,					"scope": "public",					"type": "number"				},				{					"name": "Time",					"kind": "storage",					"fieldPos": 9,					"scope": "public",					"type": "duration"				},				{					"name": "EmployeeID",					"kind": "storage",					"fieldPos": 11,					"scope": "public",					"type": "long"				},				{					"name": "Completion",					"kind": "storage",					"fieldPos": 13,					"scope": "public",					"type": "number"				},				{					"name": "__GlobalStamp",					"kind": "storage",					"fieldPos": 15,					"scope": "public",					"indexed": true,					"type": "long64"				},				{					"name": "employee",					"kind": "relatedEntity",					"fieldPos": 11,					"scope": "public",					"type": "Employees",					"foreignKey": "EmployeeID",					"inverseName": "tasks",					"path": "Employees"				}			],			"key": [				{					"name": "ID"				}			]		}	]}