﻿{	"__entityModel": "Projects",	"__GlobalStamp": 21,	"__COUNT": 8,	"__FIRST": 0,	"__ENTITIES": [		{			"__KEY": "56",			"__TIMESTAMP": "2019-09-04T08:46:03.256Z",			"__STAMP": 48,			"Color": 2,			"DefaultHourlyRate": 250,			"Time": 960000,			"EmployeeID": 3,			"Completion": 40,			"ID": 56,			"Name": "Task number 7",			"Category": "Development",			"employee": {				"__KEY": "3",				"__TIMESTAMP": "2019-09-02T14:27:04.866Z",				"__STAMP": 4,				"ID": 3,				"Name": "Eric Marchand",				"Job": "Dev",				"ProjectID": 0,				"Picture": {					"__deferred": {						"uri": "/mobileapp/Employees(3)/Picture?$imageformat=best&$version=4&$expand=Picture",						"image": true					}				},				"PhoneNumber": "(573) 297 2493",				"Email": "eric@example.com"			}		},		{			"__KEY": "32",			"__TIMESTAMP": "2019-09-02T14:19:26.460Z",			"__STAMP": 49,			"Color": 6,			"DefaultHourlyRate": 200,			"Time": 9540000,			"EmployeeID": 1,			"Completion": 80,			"ID": 32,			"Name": "Task number 4",			"Category": "Finance",			"employee": {				"__KEY": "1",				"__TIMESTAMP": "2019-10-23T13:32:57.090Z",				"__STAMP": 52,				"ID": 1,				"Name": "David Azancot",				"Job": "PO",				"ProjectID": 0,				"Picture": {					"__deferred": {						"uri": "/mobileapp/Employees(1)/Picture?$imageformat=best&$version=52&$expand=Picture",						"image": true					}				},				"PhoneNumber": "(802) 912 8483",				"Email": "david@example.com"			}		},		{			"__KEY": "47",			"__TIMESTAMP": "2019-09-04T09:37:24.156Z",			"__STAMP": 22,			"Color": 2,			"DefaultHourlyRate": 150,			"Time": 6120000,			"EmployeeID": 1,			"Completion": 80,			"ID": 47,			"Name": "Task number 1",			"Category": "Gestion de projet",			"employee": {				"__KEY": "1",				"__TIMESTAMP": "2019-10-23T13:32:57.090Z",				"__STAMP": 52,				"ID": 1,				"Name": "David Azancot",				"Job": "PO",				"ProjectID": 0,				"Picture": {					"__deferred": {						"uri": "/mobileapp/Employees(1)/Picture?$imageformat=best&$version=52&$expand=Picture",						"image": true					}				},				"PhoneNumber": "(802) 912 8483",				"Email": "david@example.com"			}		},		{			"__KEY": "44",			"__TIMESTAMP": "2019-09-04T09:36:32.864Z",			"__STAMP": 23,			"Color": 7,			"DefaultHourlyRate": 150,			"Time": 240000,			"EmployeeID": 4,			"Completion": 50,			"ID": 44,			"Name": "Task number 3",			"Category": "Commercial",			"employee": {				"__KEY": "4",				"__TIMESTAMP": "2019-09-02T14:27:26.151Z",				"__STAMP": 5,				"ID": 4,				"Name": "Anass Talii",				"Job": "QA",				"ProjectID": 0,				"Picture": {					"__deferred": {						"uri": "/mobileapp/Employees(4)/Picture?$imageformat=best&$version=5&$expand=Picture",						"image": true					}				},				"PhoneNumber": "(381) 230 5382",				"Email": "anass@example.com"			}		},		{			"__KEY": "31",			"__TIMESTAMP": "2019-09-02T14:19:35.529Z",			"__STAMP": 24,			"Color": 3,			"DefaultHourlyRate": 100,			"Time": 1200000,			"EmployeeID": 1,			"Completion": 45,			"ID": 31,			"Name": "Task number 5",			"Category": "Communication",			"employee": {				"__KEY": "1",				"__TIMESTAMP": "2019-10-23T13:32:57.090Z",				"__STAMP": 52,				"ID": 1,				"Name": "David Azancot",				"Job": "PO",				"ProjectID": 0,				"Picture": {					"__deferred": {						"uri": "/mobileapp/Employees(1)/Picture?$imageformat=best&$version=52&$expand=Picture",						"image": true					}				},				"PhoneNumber": "(802) 912 8483",				"Email": "david@example.com"			}		},		{			"__KEY": "45",			"__TIMESTAMP": "2019-09-02T14:19:39.218Z",			"__STAMP": 27,			"Color": 5,			"DefaultHourlyRate": 100,			"Time": 9720000,			"EmployeeID": 1,			"Completion": 30,			"ID": 45,			"Name": "Task number 2",			"Category": "Documentation",			"employee": {				"__KEY": "1",				"__TIMESTAMP": "2019-10-23T13:32:57.090Z",				"__STAMP": 52,				"ID": 1,				"Name": "David Azancot",				"Job": "PO",				"ProjectID": 0,				"Picture": {					"__deferred": {						"uri": "/mobileapp/Employees(1)/Picture?$imageformat=best&$version=52&$expand=Picture",						"image": true					}				},				"PhoneNumber": "(802) 912 8483",				"Email": "david@example.com"			}		},		{			"__KEY": "61",			"__TIMESTAMP": "2019-09-04T09:36:59.278Z",			"__STAMP": 16,			"Color": 0,			"DefaultHourlyRate": 100,			"Time": 0,			"EmployeeID": 2,			"Completion": 70,			"ID": 61,			"Name": "Task number 8",			"Category": "Communication",			"employee": {				"__KEY": "2",				"__TIMESTAMP": "2019-10-11T08:31:30.982Z",				"__STAMP": 11,				"ID": 2,				"Name": "Vincent De Lachaux",				"Job": "Dev",				"ProjectID": 0,				"Picture": {					"__deferred": {						"uri": "/mobileapp/Employees(2)/Picture?$imageformat=best&$version=11&$expand=Picture",						"image": true					}				},				"PhoneNumber": "(751) 693 9094",				"Email": "vincent@example.com"			}		},		{			"__KEY": "55",			"__TIMESTAMP": "2019-09-02T08:18:41.372Z",			"__STAMP": 59,			"Color": 1,			"DefaultHourlyRate": 200,			"Time": 360000,			"EmployeeID": 1,			"Completion": 20,			"ID": 55,			"Name": "Task number 6",			"Category": "Finance",			"employee": {				"__KEY": "1",				"__TIMESTAMP": "2019-10-23T13:32:57.090Z",				"__STAMP": 52,				"ID": 1,				"Name": "David Azancot",				"Job": "PO",				"ProjectID": 0,				"Picture": {					"__deferred": {						"uri": "/mobileapp/Employees(1)/Picture?$imageformat=best&$version=52&$expand=Picture",						"image": true					}				},				"PhoneNumber": "(802) 912 8483",				"Email": "david@example.com"			}		}	],	"__SENT": 8}