﻿{	"dataClasses": [		{			"name": "Tasks",			"className": "Tasks",			"collectionName": "TasksSelection",			"tableNumber": 1,			"scope": "public",			"dataURI": "/mobileapp/Tasks",			"attributes": [				{					"name": "ID",					"kind": "storage",					"scope": "public",					"indexed": true,					"type": "long",					"identifying": true				},				{					"name": "Title",					"kind": "storage",					"scope": "public",					"type": "string"				},				{					"name": "CreatorID",					"kind": "storage",					"scope": "public",					"type": "long"				},				{					"name": "AssigneeID",					"kind": "storage",					"scope": "public",					"type": "long"				},				{					"name": "StartDate",					"kind": "storage",					"scope": "public",					"type": "date",					"simpleDate": true				},				{					"name": "DueDate",					"kind": "storage",					"scope": "public",					"type": "date",					"simpleDate": true				},				{					"name": "Status",					"kind": "storage",					"scope": "public",					"type": "long"				},				{					"name": "Priority",					"kind": "storage",					"scope": "public",					"type": "long"				},				{					"name": "CategoryID",					"kind": "storage",					"scope": "public",					"type": "long"				},				{					"name": "Description",					"kind": "storage",					"scope": "public",					"type": "string"				},				{					"name": "CompletePercentage",					"kind": "storage",					"scope": "public",					"type": "long"				},				{					"name": "Email",					"kind": "storage",					"scope": "public",					"type": "string"				},				{					"name": "TaskCategory",					"kind": "relatedEntity",					"scope": "public",					"type": "Category",					"foreignKey": "CategoryID",					"path": "Category"				}			],			"key": [				{					"name": "ID"				}			]		}	]}