﻿{	"__entityModel": "Employees",	"__GlobalStamp": 21,	"__COUNT": 4,	"__FIRST": 0,	"__ENTITIES": [		{			"__KEY": "1",			"__TIMESTAMP": "2019-10-23T13:32:57.090Z",			"__STAMP": 52,			"ID": 1,			"Name": "David Azancot",			"Job": "PO",			"ProjectID": 0,			"Picture": {				"__deferred": {					"uri": "/mobileapp/Employees(1)/Picture?$imageformat=best&$version=52&$expand=Picture",					"image": true				}			},			"PhoneNumber": "(802) 912 8483",			"Email": "david@example.com",			"tasks": {				"__ENTITYSET": "/mobileapp/Employees(1)/tasks?$expand=tasks",				"__GlobalStamp": 21,				"__COUNT": 5,				"__FIRST": 0,				"__ENTITIES": [					{						"__KEY": "32",						"__TIMESTAMP": "2019-09-02T14:19:26.460Z",						"__STAMP": 49,						"ID": 32					},					{						"__KEY": "47",						"__TIMESTAMP": "2019-09-04T09:37:24.156Z",						"__STAMP": 22,						"ID": 47					},					{						"__KEY": "31",						"__TIMESTAMP": "2019-09-02T14:19:35.529Z",						"__STAMP": 24,						"ID": 31					},					{						"__KEY": "45",						"__TIMESTAMP": "2019-09-02T14:19:39.218Z",						"__STAMP": 27,						"ID": 45					},					{						"__KEY": "55",						"__TIMESTAMP": "2019-09-02T08:18:41.372Z",						"__STAMP": 59,						"ID": 55					}				],				"__SENT": 5			}		},		{			"__KEY": "2",			"__TIMESTAMP": "2019-10-11T08:31:30.982Z",			"__STAMP": 11,			"ID": 2,			"Name": "Vincent De Lachaux",			"Job": "Dev",			"ProjectID": 0,			"Picture": {				"__deferred": {					"uri": "/mobileapp/Employees(2)/Picture?$imageformat=best&$version=11&$expand=Picture",					"image": true				}			},			"PhoneNumber": "(751) 693 9094",			"Email": "vincent@example.com",			"tasks": {				"__ENTITYSET": "/mobileapp/Employees(2)/tasks?$expand=tasks",				"__GlobalStamp": 21,				"__COUNT": 1,				"__FIRST": 0,				"__ENTITIES": [					{						"__KEY": "61",						"__TIMESTAMP": "2019-09-04T09:36:59.278Z",						"__STAMP": 16,						"ID": 61					}				],				"__SENT": 1			}		},		{			"__KEY": "3",			"__TIMESTAMP": "2019-09-02T14:27:04.866Z",			"__STAMP": 4,			"ID": 3,			"Name": "Eric Marchand",			"Job": "Dev",			"ProjectID": 0,			"Picture": {				"__deferred": {					"uri": "/mobileapp/Employees(3)/Picture?$imageformat=best&$version=4&$expand=Picture",					"image": true				}			},			"PhoneNumber": "(573) 297 2493",			"Email": "eric@example.com",			"tasks": {				"__ENTITYSET": "/mobileapp/Employees(3)/tasks?$expand=tasks",				"__GlobalStamp": 21,				"__COUNT": 1,				"__FIRST": 0,				"__ENTITIES": [					{						"__KEY": "56",						"__TIMESTAMP": "2019-09-04T08:46:03.256Z",						"__STAMP": 48,						"ID": 56					}				],				"__SENT": 1			}		},		{			"__KEY": "4",			"__TIMESTAMP": "2019-09-02T14:27:26.151Z",			"__STAMP": 5,			"ID": 4,			"Name": "Anass Talii",			"Job": "QA",			"ProjectID": 0,			"Picture": {				"__deferred": {					"uri": "/mobileapp/Employees(4)/Picture?$imageformat=best&$version=5&$expand=Picture",					"image": true				}			},			"PhoneNumber": "(381) 230 5382",			"Email": "anass@example.com",			"tasks": {				"__ENTITYSET": "/mobileapp/Employees(4)/tasks?$expand=tasks",				"__GlobalStamp": 21,				"__COUNT": 1,				"__FIRST": 0,				"__ENTITIES": [					{						"__KEY": "44",						"__TIMESTAMP": "2019-09-04T09:36:32.864Z",						"__STAMP": 23,						"ID": 44					}				],				"__SENT": 1			}		}	],	"__SENT": 4}