﻿{	"__queryPlan": {		"item": "Join on Table : Category  :  Tasks.CategoryID = Category.ID",		"subquery": [			{				"item": "Category.Name !== Personal"			}		]	},	"__entityModel": "Tasks",	"__GlobalStamp": 0,	"__COUNT": 16,	"__SENT": 16,	"__FIRST": 0,	"__ENTITIES": [		{			"__KEY": "1",			"__TIMESTAMP": "2019-01-22T13:59:27.995Z",			"__STAMP": 32,			"CompletePercentage": 100,			"Email": "karen_hughes@mail.com",			"StartDate": "21!1!2019",			"CategoryID": 1,			"CreatorID": 0,			"Status": 3,			"ID": 1,			"Priority": 0,			"AssigneeID": 0,			"DueDate": "22!1!2019",			"Title": "Setup wireless access point",			"Description": "Needed for conference room and open areas."		},		{			"__KEY": "22",			"__TIMESTAMP": "2019-01-21T14:48:44.384Z",			"__STAMP": 65,			"CompletePercentage": 64,			"Email": "karen_hughes@mail.com",			"StartDate": "22!6!2016",			"CategoryID": 34,			"CreatorID": 0,			"Status": 4,			"ID": 22,			"Priority": 1,			"AssigneeID": 0,			"DueDate": "25!12!2019",			"Title": "Early Christmas shopping",			"Description": "Too many people to buy for. Need to start now and look for good deals."		},		{			"__KEY": "8",			"__TIMESTAMP": "2019-01-21T09:59:45.566Z",			"__STAMP": 22,			"CompletePercentage": 100,			"Email": "kimberly-88@mail.com",			"StartDate": "5!6!2016",			"CategoryID": 1,			"CreatorID": 0,			"Status": 3,			"ID": 8,			"Priority": 2,			"AssigneeID": 0,			"DueDate": "5!6!2019",			"Title": "Team building exercise",			"Description": "Trust fall and balling."		},		{			"__KEY": "7",			"__TIMESTAMP": "2019-01-21T10:00:04.705Z",			"__STAMP": 26,			"CompletePercentage": 82,			"Email": "kimberly-88@mail.com",			"StartDate": "1!6!2019",			"CategoryID": 4,			"CreatorID": 0,			"Status": 2,			"ID": 7,			"Priority": 1,			"AssigneeID": 0,			"DueDate": "15!8!2019",			"Title": "Summer vacation planning",			"Description": "Need reservation for hotel and transportation."		},		{			"__KEY": "33",			"__TIMESTAMP": "2019-01-21T10:00:10.341Z",			"__STAMP": 7,			"CompletePercentage": 26,			"Email": "johnny_84@mail.com",			"StartDate": "26!10!2019",			"CategoryID": 5,			"CreatorID": 0,			"Status": 2,			"ID": 33,			"Priority": 0,			"AssigneeID": 0,			"DueDate": "24!11!2019",			"Title": "Black Friday shopping",			"Description": "Plan on purchasing items after Thanksgiving for Christmas gifts in December."		},		{			"__KEY": "30",			"__TIMESTAMP": "2019-01-21T10:00:14.762Z",			"__STAMP": 8,			"CompletePercentage": 100,			"Email": "johnny_84@mail.com",			"StartDate": "23!3!2019",			"CategoryID": 34,			"CreatorID": 0,			"Status": 3,			"ID": 30,			"Priority": 0,			"AssigneeID": 0,			"DueDate": "24!6!2019",			"Title": "Chiro appointment for son's car accident",			"Description": "Son got into a serious car accident and will need to see the Chiro therapy."		},		{			"__KEY": "37",			"__TIMESTAMP": "2019-01-21T10:00:24.933Z",			"__STAMP": 6,			"CompletePercentage": 52,			"Email": "donna_ray@mail.com",			"StartDate": "18!3!2019",			"CategoryID": 4,			"CreatorID": 0,			"Status": 2,			"ID": 37,			"Priority": 0,			"AssigneeID": 0,			"DueDate": "17!9!2019",			"Title": "Pick up Rhonda in Miami, FL",			"Description": "Rhonda lost her bag and ID so will take a road trip to pick her up."		},		{			"__KEY": "41",			"__TIMESTAMP": "2019-01-21T10:00:29.219Z",			"__STAMP": 7,			"CompletePercentage": 57,			"Email": "donna_ray@mail.com",			"StartDate": "8!2!2019",			"CategoryID": 3,			"CreatorID": 0,			"Status": 4,			"ID": 41,			"Priority": 0,			"AssigneeID": 0,			"DueDate": "10!5!2019",			"Title": "Bar time with the guys",			"Description": "Bar time with the guys every Wed."		},		{			"__KEY": "38",			"__TIMESTAMP": "2019-01-21T10:00:33.040Z",			"__STAMP": 7,			"CompletePercentage": 13,			"Email": "janet.moore@mail.com",			"StartDate": "17!3!2019",			"CategoryID": 5,			"CreatorID": 0,			"Status": 2,			"ID": 38,			"Priority": 1,			"AssigneeID": 0,			"DueDate": "17!3!2019",			"Title": "St. Patrick's Day ",			"Description": "It will be St. Patrick's day and will need to wear green.  Plan to buy something green."		},		{			"__KEY": "39",			"__TIMESTAMP": "2019-01-21T10:00:36.431Z",			"__STAMP": 6,			"CompletePercentage": 0,			"Email": "janet.moore@mail.com",			"StartDate": "23!9!2019",			"CategoryID": 6,			"CreatorID": 0,			"Status": 1,			"ID": 39,			"Priority": 0,			"AssigneeID": 0,			"DueDate": "23!9!2019",			"Title": "Concert to watch Survivor",			"Description": "Got tickets to watch that concert."		},		{			"__KEY": "40",			"__TIMESTAMP": "2019-01-21T10:00:39.858Z",			"__STAMP": 6,			"CompletePercentage": 15,			"Email": "jason93@mail.com",			"StartDate": "1!2!2019",			"CategoryID": 34,			"CreatorID": 0,			"Status": 2,			"ID": 40,			"Priority": 0,			"AssigneeID": 0,			"DueDate": "16!9!2019",			"Title": "Build shed in the backyard",			"Description": "Build a shed in the backyard to accomodate the junk that is in the garage and also in the house.  "		},		{			"__KEY": "36",			"__TIMESTAMP": "2019-01-21T10:00:42.850Z",			"__STAMP": 7,			"CompletePercentage": 13,			"Email": "jason93@mail.com",			"StartDate": "15!3!2019",			"CategoryID": 3,			"CreatorID": 0,			"Status": 2,			"ID": 36,			"Priority": 2,			"AssigneeID": 0,			"DueDate": "16!9!2019",			"Title": "Help Mike on leg rehab assignment",			"Description": "Crash into Mike's leg while riding bikes which resulted into him no walking.  Least thing I can do is drive him to the rehab and back."		},		{			"__KEY": "32",			"__TIMESTAMP": "2019-01-18T12:10:25.910Z",			"__STAMP": 16,			"CompletePercentage": 0,			"Email": "jose86@mail.com",			"StartDate": "2!1!2019",			"CategoryID": 6,			"CreatorID": 0,			"Status": 1,			"ID": 32,			"Priority": 0,			"AssigneeID": 0,			"DueDate": "2!2!2019",			"Title": "Dinner with the Mcallisters",			"Description": "Dinner with my best friend and his family in the city's best steak house."		},		{			"__KEY": "42",			"__TIMESTAMP": "2019-01-21T10:00:52.198Z",			"__STAMP": 5,			"CompletePercentage": 11,			"Email": "jose86@mail.com",			"StartDate": "1!12!2019",			"CategoryID": 1,			"CreatorID": 0,			"Status": 2,			"ID": 42,			"Priority": 1,			"AssigneeID": 0,			"DueDate": "29!12!2019",			"Title": "Create weekly report",			"Description": "Develop a habit to write down a weekly report of your job to keep track of your tasks completed in a week."		},		{			"__KEY": "43",			"__TIMESTAMP": "2019-01-21T10:00:55.406Z",			"__STAMP": 7,			"CompletePercentage": 100,			"Email": "jose86@mail.com",			"StartDate": "4!7!2019",			"CategoryID": 5,			"CreatorID": 0,			"Status": 3,			"ID": 43,			"Priority": 0,			"AssigneeID": 0,			"DueDate": "4!7!2019",			"Title": "Independence Day",			"Description": "Get ready to watch the fireworks at Chrissy Field, SF."		},		{			"__KEY": "44",			"__TIMESTAMP": "2019-01-21T14:49:11.733Z",			"__STAMP": 6,			"CompletePercentage": 22,			"Email": "eugene-rice@mail.com",			"StartDate": "13!5!2019",			"CategoryID": 6,			"CreatorID": 0,			"Status": 4,			"ID": 44,			"Priority": 0,			"AssigneeID": 0,			"DueDate": "14!5!2019",			"Title": "Pick up coffee in Seattle",			"Description": "Head to Seattle to pick up coffee when there is an opportunity."		}	]}