﻿{	"structure": {		"definition": [			{				"id": 1,				"name": "CRM",				"field": [					{						"id": 1,						"name": "ID",						"type": 4					},					{						"id": 2,						"name": "AccountManager",						"type": 10					},					{						"id": 3,						"name": "AccountManagerID",						"type": 4					},					{						"id": 4,						"name": "AccountName",						"type": 10					},					{						"id": 5,						"name": "CreationDate",						"type": 8					},					{						"id": 6,						"name": "DueDate",						"type": 8					},					{						"id": 7,						"name": "Status",						"type": 10					},					{						"id": 9,						"name": "Country",						"type": 10					},					{						"id": 10,						"name": "AccountManagerProfilePicture",						"type": 12					},					{						"id": 11,						"name": "AccountProfilePicture",						"type": 12					},					{						"id": 13,						"name": "Amount due",						"type": 6					}				],				"primary_key": {					"field_name": "ID"				}			},			{				"id": 2,				"name": "AccountManager",				"field": [					{						"id": 1,						"name": "ID",						"type": 4					},					{						"id": 2,						"name": "Email",						"type": 10					},					{						"id": 3,						"name": "Name",						"type": 10					}				],				"primary_key": {					"field_name": "ID"				}			}		],		"digest": "81da389ae31f38389923e44cf57186f759f0c514"	}}