﻿{	"dataClasses": [		{			"name": "Tasks",			"className": "Tasks",			"collectionName": "TasksSelection",			"tableNumber": 1,			"scope": "public",			"dataURI": "/mobileapp/Tasks",			"attributes": [				{					"name": "ID",					"kind": "storage",					"fieldPos": 1,					"scope": "public",					"indexed": true,					"type": "long",					"identifying": true				},				{					"name": "Title",					"kind": "storage",					"fieldPos": 2,					"scope": "public",					"type": "string"				},				{					"name": "CreatorID",					"kind": "storage",					"fieldPos": 3,					"scope": "public",					"type": "long"				},				{					"name": "AssigneeID",					"kind": "storage",					"fieldPos": 4,					"scope": "public",					"type": "long"				},				{					"name": "StartDate",					"kind": "storage",					"fieldPos": 5,					"scope": "public",					"type": "date",					"simpleDate": true				},				{					"name": "DueDate",					"kind": "storage",					"fieldPos": 6,					"scope": "public",					"type": "date",					"simpleDate": true				},				{					"name": "Status",					"kind": "storage",					"fieldPos": 7,					"scope": "public",					"type": "long"				},				{					"name": "Priority",					"kind": "storage",					"fieldPos": 8,					"scope": "public",					"type": "long"				},				{					"name": "CategoryID",					"kind": "storage",					"fieldPos": 9,					"scope": "public",					"type": "long"				},				{					"name": "Description",					"kind": "storage",					"fieldPos": 10,					"scope": "public",					"type": "string"				},				{					"name": "CompletePercentage",					"kind": "storage",					"fieldPos": 11,					"scope": "public",					"type": "long"				},				{					"name": "Email",					"kind": "storage",					"fieldPos": 12,					"scope": "public",					"type": "string"				},				{					"name": "ManagerID",					"kind": "storage",					"fieldPos": 13,					"scope": "public",					"type": "long"				},				{					"name": "__GlobalStamp",					"kind": "storage",					"fieldPos": 16,					"scope": "public",					"indexed": true,					"type": "long64"				},				{					"name": "TaskCategory",					"kind": "relatedEntity",					"fieldPos": 9,					"scope": "public",					"type": "Category",					"foreignKey": "CategoryID",					"inverseName": "TaskCategory_return",					"path": "Category"				}			],			"key": [				{					"name": "ID"				}			]		}	]}