﻿{	"structure": {		"definition": [			{				"id": 1,				"name": "Tasks",				"field": [					{						"id": 1,						"name": "ID",						"type": 4					},					{						"id": 2,						"name": "Title",						"type": 10					},					{						"id": 3,						"name": "CreatorID",						"type": 4					},					{						"id": 4,						"name": "AssigneeID",						"type": 4					},					{						"id": 5,						"name": "StartDate",						"type": 8					},					{						"id": 6,						"name": "DueDate",						"type": 8					},					{						"id": 7,						"name": "Status",						"type": 4					},					{						"id": 8,						"name": "Priority",						"type": 4					},					{						"id": 9,						"name": "CategoryID",						"type": 4					},					{						"id": 10,						"name": "Description",						"type": 10					},					{						"id": 11,						"name": "CompletePercentage",						"type": 4					},					{						"id": 12,						"name": "Email",						"type": 10					},					{						"id": 16,						"name": "__GlobalStamp",						"type": 5					}				],				"primary_key": {					"field_name": "ID"				}			},			{				"id": 3,				"name": "Category",				"field": [					{						"id": 1,						"name": "ID",						"type": 4					},					{						"id": 2,						"name": "Name",						"type": 10					},					{						"id": 3,						"name": "CategoryTypeID",						"type": 4					},					{						"id": 6,						"name": "__GlobalStamp",						"type": 5					}				],				"primary_key": {					"field_name": "ID"				}			},			{				"id": 4,				"name": "__DeletedRecords",				"field": [					{						"id": 1,						"name": "ID",						"type": 5					},					{						"id": 2,						"name": "__Stamp",						"type": 5					},					{						"id": 3,						"name": "__TableNumber",						"type": 4					},					{						"id": 4,						"name": "__TableName",						"type": 10					},					{						"id": 5,						"name": "__PrimaryKey",						"type": 10					}				],				"primary_key": {					"field_name": "ID"				}			}		],		"digest": "77abecb6632b649b6e86793b9883b3d21b5170ac"	}}