﻿{	"structure": {		"definition": [			{				"name": "Contact",				"primaryKey": "ID",				"tableNumber": 1,				"field": [					{						"name": "ID",						"kind": "storage",						"type": 4,						"indexed": true,						"keywordIndexed": false,						"autoFilled": true,						"mandatory": true,						"unique": true,						"fieldNumber": 1,						"fieldType": 9,						"id": 1,						"valueType": "number"					},					{						"name": "firstName",						"kind": "storage",						"type": 10,						"indexed": false,						"keywordIndexed": false,						"autoFilled": false,						"mandatory": false,						"unique": false,						"fieldNumber": 2,						"fieldType": 2,						"id": 2,						"valueType": "string"					},					{						"name": "lastName",						"kind": "storage",						"type": 10,						"indexed": false,						"keywordIndexed": false,						"autoFilled": false,						"mandatory": false,						"unique": false,						"fieldNumber": 3,						"fieldType": 2,						"id": 3,						"valueType": "string"					},					{						"name": "picture",						"kind": "storage",						"type": 12,						"indexed": false,						"keywordIndexed": false,						"autoFilled": false,						"mandatory": false,						"unique": false,						"fieldNumber": 4,						"fieldType": 3,						"id": 4,						"valueType": "image"					},					{						"name": "phoneNumber",						"kind": "storage",						"type": 10,						"indexed": false,						"keywordIndexed": false,						"autoFilled": false,						"mandatory": false,						"unique": false,						"fieldNumber": 5,						"fieldType": 2,						"id": 5,						"valueType": "string"					},					{						"name": "email",						"kind": "storage",						"type": 10,						"indexed": false,						"keywordIndexed": false,						"autoFilled": false,						"mandatory": false,						"unique": false,						"fieldNumber": 6,						"fieldType": 0,						"id": 6,						"valueType": "string"					}				]			}		],		"digest": "3cb8649798dc5e8188a784c095686ce52395b123"	}}